CMC1	chr3-28241304-28242015
ANGEL2	chr1-213015141-213016006
CNNM2	chr10-103053902-103054565
DNM1L	chr12-32678989-32680007
DHX9	chr1-182838974-182840143
B3GAT2	chr6-70955759-70956501
CTNND2	chr5-11588750-11589264
C9orf116	chr9-135500327-135500781
DGKZ	chr11-46369485-46369791
BTN2A1	chr6-26457442-26458377
C1RL	chr12-7108200-7109469
ABHD8	chr19-17292398-17293092
C10orf88	chr10-122953917-122954558
DCAF10	chr9-37800459-37801645
COL25A1	chr4-109302474-109303497
AURKAIP1	chr1-1375105-1375688
CBY1	chr22-38655917-38657107
CHN1	chr2-175004610-175005870
ABHD11	chr7-73738654-73739271
C9orf142	chr9-136991818-136992914
CD9	chr12-6199506-6200533
CASD1	chr7-94509319-94510802
CHSY1	chr15-101250924-101252548
AKAP13	chr15-85380268-85381415
DNAJC1	chr10-22003098-22004008
BORA	chr13-72727189-72727405
CCNDBP1	chr15-43185081-43185933
CCNG1	chr5-163437218-163438184
ARHGEF16	chr1-3454868-3455141
AP4S1	chr14-31026094-31027075
CBX1	chr17-48100572-48101662
BAG5	chr14-103561857-103563302
ARAF	chrX-47560916-47561673
CYP26A1	chr10-93074160-93074544
ARFGAP1	chr20-63272380-63273028
ADCY3	chr2-24919683-24920789
CCNT2	chr2-134918117-134919306
BTRC	chr10-101353684-101354733
C11orf58	chr11-16738190-16738973
CCDC122	chr13-43878907-43879978
DNAJC15	chr13-43023156-43023972
BLMH	chr17-30291563-30292502
BTBD11	chr12-107318044-107318560
CDCA7L	chr7-21945395-21946573
COTL1	chr16-84617748-84619156
CLK4	chr5-178626943-178627530
CCNY	chr10-35336100-35336933
AP3B1	chr5-78294364-78295136
AP2A1	chr19-49766263-49767097
BRWD1	chr21-39312358-39312814
BTN2A2	chr6-26382931-26383864
DIP2C	chr10-688927-689143
CPSF1	chr8-144396905-144397382
CBFA2T2	chr20-33489594-33490625
CD164	chr6-109381971-109383433
CCDC12	chr3-46979436-46979957
BCL2L12	chr19-49665762-49666306
DBN1	chr5-177469230-177469601
ADAMTS8	chr11-130427893-130428594
C12orf75	chr12-105235684-105236409
AIMP2	chr7-6008705-6009678
AGTPBP1	chr9-85741286-85742612
CMTM7	chr3-32391528-32392872
CMTM3	chr16-66604000-66605697
ACLY	chr17-41918844-41919733
BEND4	chr4-42151643-42152812
BAD	chr11-64285070-64285953
ATG14	chr14-55411393-55412201
C4orf3	chr4-119300108-119301068
ALG11	chr13-52011237-52012490
ANKRD27	chr19-32674900-32675567
DNAH14	chr1-224922325-224922847
CAPZA2	chr7-116862240-116863144
C12orf73	chr12-103956654-103957856
ANAPC16	chr10-72215674-72216515
ASCC1	chr10-72215674-72216515
CCND3	chr6-41941403-41942303
DENND4C	chr9-19229778-19230945
CCNG2	chr4-77156569-77157384
COG2	chr1-230641914-230642891
CRELD1	chr3-9932742-9934136
CHRNB1	chr17-7444943-7445958
AGAP1	chr2-235669274-235669875
C6orf89	chr6-36914236-36914688
CASC10	chr10-21496674-21497072
CAMLG	chr5-134738197-134738687
DHX32	chr10-125895679-125896748
CSTF3	chr11-33161177-33161820
CIT	chr12-119804067-119804673
CBR4	chr4-168865022-168865607
CCT6A	chr7-56051305-56052091
ARVCF	chr22-19986827-19987428
ADNP2	chr18-80108721-80110052
CLPTM1	chr19-44954632-44955742
CHD1	chr5-98928021-98929862
AGBL5	chr2-27049975-27051998
CLDN4	chr7-73830746-73831080
ADAMTS7	chr15-78810967-78812073
CALU	chr7-128738779-128739679
CIRBP	chr19-1259527-1259832
DHTKD1	chr10-12068575-12069119
DKK3	chr11-12008041-12009802
CLASRP	chr19-45069108-45069404
CREB3L2	chr7-137879346-137879699
CISD1	chr10-58268864-58269566
ASPHD1	chr16-29900043-29900777
COA7	chr1-52697950-52698588
CLSTN1	chr1-9823613-9824691
ARNT2	chr15-80404039-80405100
DCLRE1C	chr10-14953428-14954561
AUNIP	chr1-25858888-25859877
DDX11	chr12-31073676-31074332
ASTN2	chr9-116686981-116687749
ARF6	chr14-49892361-49893636
CHUK	chr10-100229273-100229785
DHCR7	chr11-71452921-71453511
AMZ2	chr17-68247383-68248502
ARHGAP44	chr17-12789341-12790352
CHRDL1	chrX-110795617-110796529
DCBLD1	chr6-117482292-117483069
CCDC77	chr12-388779-389765
ASPSCR1	chr17-81976725-81978144
ALS2	chr2-201780624-201781322
BEND3	chr6-107114199-107115118
DDHD2	chr8-38230939-38232357
DNTTIP1	chr20-45791570-45792146
ABHD17B	chr9-71910320-71911702
C9orf85	chr9-71910320-71911702
CRYM	chr16-21277939-21278511
ADIPOR1	chr1-202957723-202958569
ARMC5	chr16-31459005-31460150
CTTNBP2	chr7-117872586-117873008
DLG2	chr11-85628003-85628712
COPB2	chr3-139389204-139390289
CCDC88A	chr2-55419518-55420294
AP3D1	chr19-2163615-2164256
ACAD8	chr11-134252925-134253894
ATXN2	chr12-111599020-111600185
CUL4A	chr13-113208536-113209776
COPS2	chr15-49154993-49156027
CAMKMT	chr2-44361340-44362686
CDO1	chr5-115815632-115817072
CELF2	chr10-11017456-11018450
BCOR	chrX-40097565-40098219
DCAF5	chr14-69152952-69153722
ABCC5	chr3-184017225-184017714
AC093323.3	chr4-6673756-6674511
AGAP1	chr2-235493555-235494573
CABLES1	chr18-23237579-23238239
CHCHD2	chr7-56106195-56106809
CYBRD1	chr2-171522018-171523811
CASP6	chr4-109702752-109703755
CCM2	chr7-44999518-45000708
DEK	chr6-18264041-18264971
COL5A1	chr9-134641475-134641879
CENPV	chr17-16352782-16353790
DEPDC7	chr11-33025029-33025257
C1orf56	chr1-151047577-151048867
CLPX	chr15-65185028-65185799
C21orf58	chr21-46324350-46324973
ARHGEF7	chr13-111240985-111241443
ADCY2	chr5-7816148-7816686
CCNE1	chr19-29811341-29812161
CCDC74A	chr2-131527575-131527960
DNAH11	chr7-21542864-21543923
ATP11C	chrX-139931999-139933389
AP3M2	chr8-42152540-42153663
CHORDC1	chr11-90222367-90223484
DHX30	chr3-47824692-47825440
CYB5R2	chr11-7665603-7666080
CLDN1	chr3-190322040-190322677
CCDC91	chr12-28190267-28191318
ALDH2	chr12-111766513-111767296
AMOTL1	chr11-94768017-94768565
CDK19	chr6-110815142-110816252
ANLN	chr7-36390036-36390543
AP2B1	chr17-35587101-35587621
DAZAP2	chr12-51238505-51239407
ARAP1	chr11-72793496-72794307
CELF1	chr11-47564995-47566065
CLCN5	chrX-50067713-50067993
APTX	chr9-33024831-33026237
DNAJA1	chr9-33024831-33026237
CTDSPL2	chr15-44426867-44427993
CMSS1	chr3-99817724-99818249
AKAP8L	chr19-15418675-15419464
ALKBH2	chr12-109093355-109093699
BECN1	chr17-42823831-42824548
C4orf47	chr4-185425416-185426500
DCUN1D5	chr11-103091480-103092409
BASP1	chr5-17216444-17218044
ATXN2L	chr16-28823697-28824590
CARS2	chr13-110713481-110713664
CUL1	chr7-148698320-148699887
ACTR6	chr12-100200587-100201105
COX7A2L	chr2-42360945-42361831
BPTF	chr17-67825216-67826237
CORO2A	chr9-98192497-98193498
ATP6V0A2	chr12-123711663-123712971
CXXC5	chr5-139648098-139648882
COL12A1	chr6-75201867-75202431
B4GALT5	chr20-49713397-49714272
C12orf43	chr12-121016215-121016710
CCDC53	chr12-102061479-102062286
AZIN1	chr8-102864080-102864819
CRK	chr17-1455906-1456599
DCK	chr4-70993268-70993943
BTAF1	chr10-91923390-91924300
CACNA1C	chr12-2582946-2583623
APBB1	chr11-6404783-6405800
DLL3	chr19-39499238-39499499
C20orf194	chr20-3407123-3408294
ATP6V0A1	chr17-42517527-42517846
ARHGEF4	chr2-131034693-131035411
CREB3L2	chr7-137932954-137933911
CLIC4	chr1-24744840-24745555
ACBD6	chr1-180502071-180503277
CCDC59	chr12-82359241-82359439
ATG2A	chr11-64917131-64917662
CHRNB1	chr17-7455383-7455976
ACTG1	chr17-81513346-81513627
DDIT4	chr10-72274767-72274969
ATG4C	chr1-62783659-62784640
BAIAP2L1	chr7-98400712-98401567
COL23A1	chr5-178589692-178590683
COMMD5	chr8-144852567-144853656
CHD8	chr14-21455639-21456605
CTD-2228K2.7	chr5-473721-474129
BBS4	chr15-72685744-72686824
DOCK1	chr10-126904923-126906602
AKAP12	chr6-151239598-151240686
CUX2	chr12-111034477-111035145
CDK5RAP2	chr9-120528885-120529175
COL6A1	chr21-45981208-45981959
ARHGEF12	chr11-120336042-120336955
DIAPH1	chr5-141524641-141525528
CEP170	chr1-243255710-243256327
CRLF1	chr19-18594219-18594598
CTNNB1	chr3-41198707-41200114
CECR2	chr22-17369193-17369908
AC005682.5	chr7-22853873-22855070
ACAT2	chr6-159760616-159760941
ACAP1	chr17-7351505-7352264
BTBD11	chr12-107609996-107610508
C12orf29	chr12-88035348-88035906
CWC25	chr17-38824785-38825730
ADGRB1	chr8-142475097-142476038
ABL1	chr9-130834615-130835662
CNOT1	chr16-58629472-58630290
CCNB1IP1	chr14-20332748-20333543
CHTF8	chr16-69131980-69133054
CTNNBIP1	chr1-9910020-9911007
CPSF3L	chr1-1324294-1325104
B4GALT7	chr5-177599634-177600507
CCDC66	chr3-56556904-56557824
C1orf21	chr1-184386341-184387313
ATG16L2	chr11-72821882-72822685
AC007204.2	chr19-19900673-19901439
ACSL3	chr2-222860716-222861669
ATAT1	chr6-30646853-30648005
C6orf136	chr6-30646853-30648005
DDR1	chr6-30882728-30883022
BPHL	chr6-3118244-3119207
ANKRD18B	chr9-33523441-33524371
ARL6	chr3-97764240-97765093
CTD-2561J22.5	chr19-21463587-21464147
BRD2	chr6-32969118-32969611
C16orf52	chr16-22007528-22008521
CDK12	chr17-39461248-39462242
CDC42	chr1-22052436-22053494
CCDC186	chr10-114173873-114174988
CCNL1	chr3-157159444-157160990
ARHGAP12	chr10-31927810-31929225
C6orf132	chr6-42142419-42143203
ADAMTS19	chr5-129459479-129460519
DOCK5	chr8-25184245-25185233
CDH11	chr16-65121920-65122795
COL9A1	chr6-70282304-70283458
ARPC5	chr1-183635389-183636476
AGO2	chr8-140635525-140636394
C19orf53	chr19-13774252-13774911
CSNK2A1	chr20-543418-544260
COX11	chr17-54968089-54969344
BRD4	chr19-15331447-15332898
CDC5L	chr6-44387360-44388305
C6orf106	chr6-34696195-34697127
ASNS	chr7-97871761-97872727
CDK8	chr13-26253734-26255013
BOD1L1	chr4-13627236-13628279
CAPG	chr2-85418330-85419002
ALG5	chr13-37000340-37001136
ADAMTS13	chr9-133429532-133430230
CCDC150	chr2-196639373-196640009
CDC123	chr10-12195563-12196572
CRACR2B	chr11-827054-827678
ALDH3A2	chr17-19647990-19649149
ANAPC1	chr2-111883582-111884776
ATP9B	chr18-79068765-79069800
BNIP2	chr15-59688719-59689654
AIF1L	chr9-131096925-131097275
CABLES1	chr18-23135240-23136191
CLUH	chr17-2710941-2711288
DCUN1D1	chr3-182979866-182980953
C1orf35	chr1-228102657-228103576
DCAF8	chr1-160261887-160262775
CTTNBP2NL	chr1-112395933-112396499
DHRS12	chr13-51803480-51804473
CPNE1	chr20-35664382-35665187
DHRS3	chr1-12615950-12616372
ADAM12	chr10-126135317-126135530
CCNC	chr6-99568066-99569012
COPS8	chr2-237085202-237086236
ANK3	chr10-60140631-60141134
ARL14EP	chr11-30322830-30323517
DLGAP4	chr20-36460877-36461934
DESI2	chr1-244652609-244653475
CENPW	chr6-126339866-126340387
CTSB	chr8-11867846-11868325
DERA	chr12-16036191-16036420
CYCS	chr7-25124898-25125913
CHCHD7	chr8-56211186-56212113
APH1B	chr15-63276853-63277732
DCAF16	chr4-17810280-17811426
C17orf75	chr17-32349951-32350257
ADNP	chr20-50931037-50931996
CDC42SE1	chr1-151070334-151071377
ATG9A	chr2-219217829-219218632
ACTR5	chr20-38747918-38748942
COX20	chr1-244834818-244835872
BAP1	chr3-52409900-52410917
ASXL2	chr2-25845935-25846158
AP5M1	chr14-57268200-57269398
ATR	chr3-142578349-142579213
CCDC94	chr19-4246792-4247620
ABHD3	chr18-21704304-21705094
AP1AR	chr4-112231309-112232560
CHCHD6	chr3-126703759-126704496
CELF2	chr10-11270552-11270923
ATOX1	chr5-151758426-151759126
CMAS	chr12-22046034-22047091
DGCR14	chr22-19144442-19144989
ANKRD17	chr4-73258443-73259418
DOCK11	chrX-118495254-118496006
ADAL	chr15-43329639-43330936
BCS1L	chr2-218659131-218659879
DNAJC5	chr20-63894340-63895570
CDC42BPB	chr14-103057092-103057927
CEP57	chr11-95790253-95790604
ATG10	chr5-81971662-81972575
ACTR10	chr14-58199758-58200649
BRD7	chr16-50368493-50369250
ACYP2	chr2-54115306-54116112
CASC15	chr6-21665654-21665993
B4GALT6	chr18-31685823-31686049
CDKN2AIPNL	chr5-134411543-134412380
CAPG	chr2-85408519-85408823
ATP6AP2	chrX-40580462-40581451
ACSS3	chr12-80936492-80937996
ARID4A	chr14-58297709-58298647
C14orf37	chr14-58297709-58298647
AFF1	chr4-86934641-86935484
C4orf36	chr4-86934641-86935484
BCL7A	chr12-122021778-122022930
BCL11A	chr2-60549987-60550624
ANKMY2	chr7-16645358-16645942
BZW2	chr7-16645358-16645942
ARHGEF39	chr9-35675237-35676312
ACTG1	chr17-81514765-81515444
CENPK	chr5-65562862-65563669
ACTR3B	chr7-152759489-152760442
CAMK2G	chr10-73874242-73875104
COL13A1	chr10-69802458-69803242
CUL7	chr6-43053174-43054086
DCAF4	chr14-72925922-72927211
CCNG2	chr4-77157545-77158521
C7orf49	chr7-135170149-135171083
ATP5G3	chr2-175180848-175181930
APBB2	chr4-40856802-40857408
COLGALT1	chr19-17555304-17556598
ARL8B	chr3-5122609-5123201
ANO6	chr12-45215386-45216289
AKIP1	chr11-8910930-8911813
DNAJB14	chr4-99946180-99947191
ADCY2	chr5-7395430-7396469
AFG3L2	chr18-12376735-12377927
ARL10	chr5-176365945-176366495
CNST	chr1-246647112-246647779
CDCA5	chr11-65066669-65067361
CEP170	chr1-243254890-243255629
DNPEP	chr2-219387317-219388731
DNAJB2	chr2-219285855-219286387
ATP5H	chr17-75046353-75047556
DIAPH1	chr5-141618433-141619387
ANKMY1	chr2-240560169-240561408
BARD1	chr2-214809387-214810316
CEP76	chr18-12702211-12703288
ATF3	chr1-212609192-212609615
ARVCF	chr22-19986410-19986731
AMD1	chr6-110875626-110876529
ATF7IP	chr12-14365365-14366085
CD151	chr11-832594-833573
ADD2	chr2-70767704-70768564
C12orf57	chr12-6943822-6944919
ARHGAP17	chr16-25014664-25015593
C2orf47	chr2-199955141-199956145
C2orf69	chr2-199955141-199956145
ADGRB1	chr8-142464184-142464832
CNTRL	chr9-121121542-121122047
ATP1B3	chr3-141876164-141877488
CRACR2B	chr11-829967-830512
CAMSAP1	chr9-135907000-135908085
CD63	chr12-55728769-55730451
AXIN1	chr16-351996-353506
ANKRD10	chr13-110914139-110915899
BORA	chr13-72727497-72728052
ABI2	chr2-203327764-203329009
ATRN	chr20-3470533-3471624
CCDC40	chr17-80035654-80036256
API5	chr11-43311699-43312525
CRIM1	chr2-36355241-36356501
CENPO	chr2-24792800-24793751
AHNAK	chr11-62545493-62546193
CMIP	chr16-81445347-81445652
CPSF6	chr12-69239327-69240248
COL4A2	chr13-110485501-110486049
BAX	chr19-48954525-48955328
ACSL4	chrX-109624553-109625508
BCL2L11	chr2-111122358-111122770
DHX30	chr3-47802268-47803651
ATP1A1	chr1-116373614-116374270
ARHGEF19	chr1-16206449-16207288
CASC3	chr17-40140045-40140916
AAAS	chr12-53324701-53325341
ATP6V1H	chr8-53842568-53843610
CYB5R3	chr22-42649040-42649877
DNAJC18	chr5-139439002-139439742
AGBL3	chr7-134986205-134987020
ADI1	chr2-3518727-3519769
CCDC174	chr3-14651349-14652227
CHMP1A	chr16-89657413-89658164
CUX1	chr7-102125135-102125606
CCNA2	chr4-121823149-121824233
ADD3	chr10-110007309-110008593
BRK1	chr3-10115395-10116367
DNMT3B	chr20-32779550-32779824
CLDND1	chr3-98522531-98523211
ADAM10	chr15-58748823-58750172
DDIT4	chr10-72273492-72274272
ARHGEF19	chr1-16212438-16212775
APBA2	chr15-28885518-28886690
ADAMTS19	chr5-129461048-129461782
CARD10	chr22-37518603-37519917
ATF6B	chr6-32128129-32128550
CHD9	chr16-53054737-53055430
ARL10	chr5-176388479-176389479
CAPN2	chr1-223712238-223713199
BBX	chr3-107522766-107524070
CACNB4	chr2-152098628-152099271
CBL	chr11-119205780-119206800
CFAP69	chr7-90244886-90245837
CCNJL	chr5-160311834-160312862
AGO3	chr1-35930583-35931641
DCP2	chr5-112976295-112977247
ACTB	chr7-5562630-5563311
ANKRD26	chr10-27099933-27100729
AATF	chr17-36948553-36949376
DDX6	chr11-118790442-118791361
CAMTA1	chr1-6785724-6785952
COBL	chr7-51316103-51317267
CNIH4	chr1-224356643-224357609
DLGAP4	chr20-36305627-36306067
DAZAP2	chr12-51269525-51270582
ANKRD13C	chr1-70353738-70355126
CYB561	chr17-63445736-63447010
CTSC	chr11-88337370-88337971
AKR7A2	chr1-19311782-19312910
DARS	chr2-135984771-135986171
ATL2	chr2-38376264-38377738
DNAJA2	chr16-46972854-46974118
BCAR1	chr16-75265717-75266307
ATP5G1	chr17-48892195-48893022
ANKRD9	chr14-102509639-102510384
ARID2	chr12-45728709-45729735
ATP8A2	chr13-25372313-25372734
C1orf109	chr1-37691795-37692607
CDCA8	chr1-37691795-37692607
CAB39	chr2-230713701-230714345
COPS7B	chr2-231780915-231781805
CUX1	chr7-101815374-101816091
CCDC14	chr3-123961136-123961623
C18orf25	chr18-46173340-46174312
AMOTL1	chr11-94740259-94740936
ARMC8	chr3-138187135-138188320
ATG16L1	chr2-233251381-233252092
ARPC5L	chr9-124868662-124869334
DLG3	chrX-70452112-70452781
BAZ2A	chr12-56630218-56630509
CCDC57	chr17-82106256-82106633
ARID1A	chr1-26692903-26693363
CRYZ	chr1-74732477-74733556
CCNI	chr4-77075882-77076688
CNIH1	chr14-54440844-54441618
DIP2A	chr21-46458431-46459258
ADCK5	chr8-144373710-144374772
ATF3	chr1-212608218-212609044
DNAJC9	chr10-73246737-73247515
BDNF	chr11-27698929-27699302
BRPF3	chr6-36196296-36197493
C4orf36	chr4-86891794-86892702
DDX25	chr11-125902932-125903391
AC093375.1	chr2-156254896-156255120
ACLY	chr17-41930209-41930749
C18orf21	chr18-35972144-35972933
DDHD1	chr14-53152523-53153615
ARID1A	chr1-26695384-26696326
CGN	chr1-151511096-151511586
ANXA11	chr10-80205399-80205935
CHCHD3	chr7-133082000-133082427
C17orf75	chr17-32341717-32342381
COL27A1	chr9-114155272-114155608
AIG1	chr6-143136736-143136991
CAPRIN1	chr11-34051349-34052567
CCT7	chr2-73234130-73234419
DDI2	chr1-15617091-15617803
CTR9	chr11-10750851-10751506
BEX1	chrX-103063993-103064421
ABCC5	chr3-184017802-184018404
COMTD1	chr10-75234098-75235273
BRD4	chr19-15264095-15264535
CDH3	chr16-68645916-68646400
CDC42SE1	chr1-151059299-151059849
CSRP2	chr12-76878334-76879769
CASP8AP2	chr6-89829263-89830263
CPSF3	chr2-9422893-9423991
C1orf43	chr1-154220082-154221059
AKT2	chr19-40284781-40285817
C1orf198	chr1-230868101-230869247
DGKQ	chr4-986619-987697
C20orf96	chr20-278135-279550
ATXN7L1	chr7-105639006-105639520
CYLD	chr16-50741613-50742412
ARL1	chr12-101407185-101407894
DANCR	chr4-52712128-52713064
C17orf67	chr17-56833114-56835059
DGKE	chr17-56833114-56835059
ALG14	chr1-95072525-95073113
CTD-2228K2.7	chr5-472446-473607
ARIH1	chr15-72473657-72475395
ANXA5	chr4-121696530-121697431
CAP1	chr1-40039635-40040235
B3GNT5	chr3-183254028-183254803
ABCE1	chr4-145097802-145099003
DAB1	chr1-57423236-57423601
CGGBP1	chr3-88149531-88150387
CAPN1	chr11-65180931-65182228
CACNA1A	chr19-13208085-13208512
ASIC2	chr17-33291352-33292226
CCNB1	chr5-69166776-69167465
ACVR2A	chr2-147843832-147844860
CTNNAL1	chr9-109013057-109014057
ABHD12	chr20-25294442-25294774
CENPF	chr1-214602815-214603534
AK2	chr1-33080813-33081460
C16orf62	chr16-19555130-19555798
CDK6	chr7-92832952-92833634
C14orf159	chr14-91173158-91173489
CPXM1	chr20-2799697-2800968
ACP6	chr1-147670079-147670791
ALPL	chr1-21509039-21509667
ACOT9	chrX-23742968-23743600
DOCK4	chr7-112205469-112205642
C19orf25	chr19-1478836-1479685
BIRC2	chr11-102346763-102347511
DDX31	chr9-132669555-132670949
APLP1	chr19-35869686-35870429
COG6	chr13-39655459-39656289
ATG4B	chr2-241636350-241638125
CHUK	chr10-100228725-100229212
ANK3	chr10-60732740-60733041
AGGF1	chr5-77030165-77031065
ARSK	chr5-95554492-95555500
CACNB2	chr10-18140253-18141179
CANX	chr5-179698286-179699306
DEPDC4	chr12-100266687-100267879
CERS6	chr2-168455840-168457074
CCDC124	chr19-17932506-17932813
ATAD1	chr10-87817782-87818613
ACOXL	chr2-110732218-110733481
DLAT	chr11-112024766-112025867
C11orf57	chr11-112073912-112074802
CCDC28B	chr1-32205381-32205987
ARHGAP44	chr17-12973730-12974362
COA1	chr7-43729189-43729939
DNAJB1	chr19-14517537-14518969
ANO5	chr11-22192308-22194051
CLDN10	chr13-95552295-95553226
ACTR6	chr12-100199472-100200183
DOCK11	chrX-118496108-118496563
B4GALNT4	chr11-369346-369890
CACNB4	chr2-152098098-152098483
CTTN	chr11-70398098-70398819
BUB3	chr10-123154674-123155130
ARID1B	chr6-156779219-156779853
COL4A6	chrX-108437819-108438594
CPNE8	chr12-38906620-38907075
ASIC2	chr17-34157203-34157930
ARFGEF1	chr8-67343132-67344258
DCUN1D2	chr13-113490051-113491313
C5orf38	chr5-2751138-2752265
CENPT	chr16-67846391-67847319
ADO	chr10-62804091-62806082
CEP350	chr1-179954065-179955525
ANXA4	chr2-69741242-69742513
BRIP1	chr17-61862988-61864021
ANTXR1	chr2-69012912-69013941
AIDA	chr1-222712361-222713563
BROX	chr1-222712361-222713563
CDS2	chr20-5126444-5127253
BCAS3	chr17-60677233-60678202
ATP2C1	chr3-130893451-130894622
CTTNBP2	chr7-117873222-117873889
COL13A1	chr10-69867692-69868079
BAMBI	chr10-28677158-28677837
CSMD2	chr1-33635755-33636028
CCDC18	chr1-93179618-93180094
CPOX	chr3-98592978-98594070
CXCL12	chr10-44386557-44386889
C14orf159	chr14-91060523-91061229
C14orf132	chr14-96038966-96039515
ACACA	chr17-37406533-37407528
CLTCL1	chr22-19291115-19292147
BNC2	chr9-16726738-16727423
CEP162	chr6-84227454-84228272
COL4A5	chrX-108439681-108439898
COL4A6	chrX-108439681-108439898
CDKN1B	chr12-12716871-12717712
CMTM4	chr16-66696035-66697404
CHPT1	chr12-101697182-101698566
ADGRA3	chr4-22515171-22516530
ATXN3	chr14-92105846-92106920
CDHR1	chr10-84194155-84195169
B3GNT2	chr2-62195648-62196833
BECN1	chr17-42832998-42833926
COX18	chr4-73069218-73070067
DIAPH3	chr13-60163592-60164354
DDX49	chr19-18919007-18919849
CPSF3L	chr1-1315544-1315925
CALCB	chr11-14907865-14908271
CUL1	chr7-148800198-148800648
CEP44	chr4-174283511-174284515
DEPDC7	chr11-33015665-33016536
C17orf80	chr17-73231871-73232721
ABRACL	chr6-139029139-139029839
CA14	chr1-150257595-150258236
DNAJB1	chr19-14529076-14529923
ARID4B	chr1-235160735-235161604
ADD1	chr4-2843089-2844461
CCNJ	chr10-96043179-96044566
ACTR3	chr2-113889366-113890277
DCTN4	chr5-150758312-150759268
CUX1	chr7-102279487-102279833
CLOCK	chr4-55545701-55547304
DAXX	chr6-33322874-33323626
CCDC88B	chr11-64340716-64341231
CPVL	chr7-29146023-29146694
CTNNA1	chr5-138752873-138754155
APBB2	chr4-41213836-41214879
AC005682.5	chr7-22858898-22859333
CYP2U1	chr4-107930815-107932099
CDCA5	chr11-65083929-65084878
C10orf82	chr10-116669776-116670600
C18orf54	chr18-54357464-54358684
CNOT7	chr8-17246316-17247685
C14orf166	chr14-51989297-51989903
ATRAID	chr2-27211546-27212585
ATG16L2	chr11-72813932-72815083
DDX39A	chr19-14418960-14419702
CLIC1	chr6-31729262-31730542
DDAH2	chr6-31729262-31730542
AASDH	chr4-56387034-56387655
DLG2	chr11-84922304-84922739
CEP97	chr3-101724415-101725401
AP1M1	chr19-16197587-16198145
ANKRD12	chr18-9136392-9137636
BCAP29	chr7-107579870-107580665
DCAF6	chr1-167935919-167936894
CCBE1	chr18-59697069-59697946
DAP3	chr1-155688229-155689226
CACYBP	chr1-174999239-175000478
CCDC130	chr19-13747557-13748116
COQ4	chr9-128322321-128323221
C19orf24	chr19-1275277-1276118
BRIX1	chr5-34915134-34915830
CENPH	chr5-69189186-69190061
CTCF	chr16-67561885-67563510
CSAD	chr12-53180324-53181218
AAR2	chr20-36236013-36236802
BUD31	chr7-99408428-99409193
ACACA	chr17-37358794-37359746
ACAP2	chr3-195381496-195381785
AFTPH	chr2-64523995-64525079
CDR2L	chr17-74987853-74988547
AGL	chr1-99849740-99850692
CALM1	chr14-90399556-90399875
DMXL1	chr5-119070544-119071712
CDK13	chr7-39949255-39950398
C19orf43	chr19-12734550-12734843
ANKS3	chr16-4734054-4734688
ANAPC5	chr12-121352077-121352912
CDCA3	chr12-6851851-6852747
CBWD5	chr9-65675616-65675790
C19orf48	chr19-50804529-50805324
CTNNA2	chr2-79512403-79513528
ANKRD16	chr10-5888914-5889427
DECR1	chr8-90000834-90002154
AKAP10	chr17-19977347-19978444
ADAM12	chr10-126387966-126388918
DCAF6	chr1-167935512-167935707
CHFR	chr12-132955247-132956536
CLDN4	chr7-73827743-73828059
CHTF18	chr16-787925-788761
CCDC136	chr7-128790652-128792074
CTD-2368P22.1	chr19-58009422-58010055
ACD	chr16-67660155-67661094
DGKB	chr7-14902347-14903085
DALRD3	chr3-49021328-49022439
C12orf75	chr12-105330249-105330973
ANKS1B	chr12-98894439-98895685
ATP8A2	chr13-25468466-25469377
ASAP1	chr8-130442922-130444075
CDC14B	chr9-96619338-96620139
ARL4C	chr2-234496567-234497406
C16orf87	chr16-46830648-46831684
CDK7	chr5-69234451-69235301
AKTIP	chr16-53502893-53503957
CYB5R1	chr1-202966799-202967727
COX19	chr7-974992-975739
CYP2R1	chr11-14891555-14892568
BET1	chr7-94004083-94004953
BLM	chr15-90716989-90717833
CISD2	chr4-102868573-102869589
CKB	chr14-103520655-103521729
ARMC1	chr8-65633788-65634528
DDX21	chr10-68955462-68956776
CENPA	chr2-26764069-26764868
DCUN1D4	chr4-51842648-51843732
CRY2	chr11-45872721-45873327
CENPC	chr4-67545227-67545842
DBI	chr2-119367335-119367844
ATXN7L1	chr7-105876399-105877069
CDHR3	chr7-105876399-105877069
AGAP3	chr7-151123835-151124251
COPS4	chr4-83034625-83035488
AGAP3	chr7-151085734-151086596
BACH1	chr21-29298441-29299450
CDC25A	chr3-48188007-48188881
AKR1B1	chr7-134458331-134459411
COPB1	chr11-14499182-14500055
DAB1	chr1-57424197-57424937
CDC14A	chr1-100353075-100353314
CAPG	chr2-85413610-85414094
DDX28	chr16-68022704-68023569
ADCY1	chr7-45574194-45575129
CRMP1	chr4-5887421-5887677
CSNK1E	chr22-38398406-38399310
CMBL	chr5-10307453-10308135
DENND4C	chr9-19372581-19372819
CABIN1	chr22-24010946-24011500
CNST	chr1-246566059-246567055
ACAA2	chr18-49813442-49814541
ATP5I	chr4-674148-674955
CEP83	chr12-94459566-94460568
ATAT1	chr6-30626500-30627131
COX6C	chr8-99892940-99893858
ATP6V1E1	chr22-17628645-17629219
DCAF7	chr17-63549819-63550788
COMMD6	chr13-75537420-75538395
COX4I1	chr16-85798919-85800533
C14orf37	chr14-58151669-58152541
ACADVL	chr17-7219723-7220012
ABTB2	chr11-34357869-34358632
ACACB	chr12-109154462-109155333
B3GLCT	chr13-31199634-31200906
COCH	chr14-30874210-30875279
ABCC10	chr6-43427205-43428177
CDK5RAP1	chr20-33401207-33401744
CPVL	chr7-29194433-29195408
AASDHPPT	chr11-106076824-106078084
CYBA	chr16-88650798-88651732
DICER1	chr14-95156737-95157971
BRCA2	chr13-32314972-32315654
AP000304.12	chr21-33915464-33916085
DCTN6	chr8-30155835-30156981
DDX25	chr11-125941644-125942336
CHST8	chr19-33621478-33622343
C9orf129	chr9-93346143-93346762
BRD2	chr6-32968310-32968704
ARF1	chr1-228081637-228082313
ARV1	chr1-230978497-230979304
COPRS	chr17-31858346-31859552
CHCHD1	chr10-73781693-73782313
ATP8B2	chr1-154324638-154325259
ALG8	chr11-78139500-78140165
CHD1L	chr1-147242412-147243268
DMXL2	chr15-51621877-51623266
ALG6	chr1-63367239-63368117
DDOST	chr1-20661269-20661991
CMTR2	chr16-71288854-71289824
BCAR1	chr16-75234269-75234721
AURKB	chr17-8210120-8210971
APOC1	chr19-44914993-44915519
CTSH	chr15-78944756-78945574
CAST	chr5-96662565-96663489
ACTB	chr7-5529602-5530286
BAZ1B	chr7-73521603-73522893
DEAF1	chr11-694898-696012
DHRS7B	chr17-21126733-21127629
CCDC88B	chr11-64342281-64343040
CSNK1G3	chr5-123511695-123513091
CRNDE	chr16-54928697-54929501
CTD-2186M15.3	chr5-32173319-32174710
ASPM	chr1-197146054-197147094
BIN1	chr2-127106748-127107837
C9orf3	chr9-94726435-94727127
CACNA2D3	chr3-54122138-54123081
CCHCR1	chr6-31157924-31158820
AIFM2	chr10-70132166-70133067
CECR5	chr22-17158482-17159550
CREBZF	chr11-85663851-85665298
CCDC137	chr17-81666280-81666881
BZW1	chr2-200811183-200812773
CTGF	chr6-131949679-131950796
